{"stats":{"minecraft:used":{"minecraft:oak_log":1,"minecraft:wooden_axe":33,"minecraft:sand":16,"minecraft:dirt":1,"minecraft:crafting_table":1,"minecraft:oak_sapling":3,"tetra:modular_double":1},"minecraft:crafted":{"minecraft:oak_planks":28,"minecraft:crafting_table":3,"minecraft:stick":16,"minecraft:wooden_axe":2,"tetra:modular_double":1},"minecraft:dropped":{"minecraft:dirt":1,"minecraft:wooden_axe":1,"gravestone:obituary":2},"minecraft:custom":{"minecraft:time_since_rest":4838,"minecraft:sprint_one_cm":45713,"minecraft:damage_taken":495,"minecraft:walk_one_cm":50825,"minecraft:mob_kills":6,"minecraft:drop":4,"minecraft:damage_dealt":1434,"minecraft:swim_one_cm":9815,"minecraft:interact_with_crafting_table":6,"minecraft:fly_one_cm":42907,"minecraft:crouch_one_cm":17,"minecraft:play_time":35250,"minecraft:deaths":2,"minecraft:sneak_time":92,"minecraft:walk_under_water_one_cm":2250,"minecraft:jump":224,"minecraft:leave_game":2,"minecraft:walk_on_water_one_cm":4961,"minecraft:time_since_death":4803,"minecraft:total_world_time":35250,"minecraft:fall_one_cm":5078},"minecraft:killed_by":{"minecraft:zombie":2},"minecraft:mined":{"tetra:basic_workbench":1,"gravestone:gravestone":1,"minecraft:grass":3,"minecraft:grass_block":1,"minecraft:oak_log":11,"immersive_weathering:loam":1,"minecraft:sand":20,"minecraft:sugar_cane":3,"minecraft:oak_leaves":8,"immersive_weathering:oak_leaf_pile":24},"minecraft:picked_up":{"minecraft:seagrass":1,"minecraft:stick":9,"minecraft:crafting_table":1,"minecraft:sand":19,"minecraft:oak_log":11,"minecraft:dirt":2,"minecraft:rotten_flesh":2,"minecraft:beef":2,"minecraft:oak_sapling":3,"minecraft:sugar_cane":4},"minecraft:killed":{"minecraft:zombie":4,"minecraft:turtle":1,"minecraft:cow":1}},"DataVersion":3465}