{"stats":{"minecraft:used":{"minecraft:oak_log":2,"minecraft:wooden_axe":51,"minecraft:stone_pickaxe":19,"minecraft:wooden_pickaxe":16,"minecraft:stone_axe":36,"minecraft:sand":19,"minecraft:dirt":1,"minecraft:furnace":1,"minecraft:crafting_table":4,"minecraft:oak_sapling":3,"tetra:modular_double":7,"minecraft:cooked_beef":2},"minecraft:dropped":{"minecraft:dirt":1,"minecraft:wooden_axe":1,"minecraft:spider_eye":3,"gravestone:obituary":6,"minecraft:stone_pickaxe":1},"minecraft:custom":{"minecraft:interact_with_furnace":5,"minecraft:time_since_rest":440,"minecraft:sprint_one_cm":100458,"minecraft:damage_taken":1335,"minecraft:walk_one_cm":111695,"minecraft:mob_kills":13,"minecraft:drop":12,"minecraft:damage_dealt":2756,"minecraft:swim_one_cm":14988,"minecraft:interact_with_crafting_table":21,"minecraft:fly_one_cm":85297,"minecraft:crouch_one_cm":17,"minecraft:play_time":71250,"minecraft:deaths":5,"minecraft:sneak_time":137,"minecraft:walk_under_water_one_cm":4543,"minecraft:jump":416,"minecraft:leave_game":2,"minecraft:walk_on_water_one_cm":7520,"minecraft:time_since_death":411,"minecraft:total_world_time":71250,"minecraft:fall_one_cm":8062},"minecraft:crafted":{"minecraft:cooked_beef":2,"tetra:modular_toolbelt":1,"minecraft:oak_planks":40,"minecraft:charcoal":2,"minecraft:crafting_table":3,"minecraft:stick":20,"minecraft:wooden_pickaxe":1,"minecraft:stone_pickaxe":2,"minecraft:wooden_axe":3,"minecraft:furnace":1,"minecraft:stone_axe":1,"tetra:modular_double":1,"minecraft:air":0},"minecraft:killed_by":{"minecraft:drowned":1,"minecraft:skeleton":1,"minecraft:spider":1,"minecraft:zombie":2},"minecraft:mined":{"tetra:basic_workbench":2,"minecraft:crafting_table":1,"gravestone:gravestone":3,"minecraft:granite":4,"minecraft:grass":4,"minecraft:grass_block":5,"minecraft:oak_log":43,"immersive_weathering:loam":1,"minecraft:dirt":7,"minecraft:sand":20,"minecraft:stone":30,"minecraft:sugar_cane":6,"minecraft:oak_leaves":11,"immersive_weathering:oak_leaf_pile":24},"minecraft:picked_up":{"minecraft:seagrass":1,"minecraft:stick":15,"minecraft:crafting_table":3,"minecraft:sand":35,"minecraft:oak_log":43,"gravestone:obituary":1,"minecraft:bone":1,"minecraft:spider_eye":3,"minecraft:string":4,"minecraft:dirt":13,"minecraft:arrow":1,"minecraft:apple":1,"minecraft:rotten_flesh":5,"minecraft:beef":2,"minecraft:granite":4,"minecraft:oak_sapling":6,"minecraft:sugar_cane":7,"minecraft:cobblestone":30},"minecraft:killed":{"minecraft:zombie":7,"minecraft:spider":2,"minecraft:turtle":1,"minecraft:creeper":1,"minecraft:cow":1,"minecraft:skeleton":1},"minecraft:broken":{"minecraft:wooden_axe":1}},"DataVersion":3465}