{"stats":{"minecraft:used":{"minecraft:wooden_axe":16,"minecraft:sand":16,"minecraft:dirt":1,"minecraft:crafting_table":1,"minecraft:oak_sapling":2,"tetra:modular_double":1},"minecraft:crafted":{"minecraft:oak_planks":28,"minecraft:crafting_table":3,"minecraft:stick":16,"minecraft:wooden_axe":2,"tetra:modular_double":1},"minecraft:dropped":{"minecraft:dirt":1,"minecraft:wooden_axe":1,"gravestone:obituary":1},"minecraft:custom":{"minecraft:time_since_rest":18344,"minecraft:sprint_one_cm":36296,"minecraft:damage_taken":225,"minecraft:walk_one_cm":41157,"minecraft:mob_kills":2,"minecraft:drop":3,"minecraft:damage_dealt":635,"minecraft:swim_one_cm":9815,"minecraft:interact_with_crafting_table":6,"minecraft:fly_one_cm":36151,"minecraft:play_time":23250,"minecraft:deaths":1,"minecraft:sneak_time":22,"minecraft:walk_under_water_one_cm":2250,"minecraft:jump":199,"minecraft:leave_game":2,"minecraft:walk_on_water_one_cm":4961,"minecraft:time_since_death":18030,"minecraft:total_world_time":23250,"minecraft:fall_one_cm":4658},"minecraft:killed_by":{"minecraft:zombie":1},"minecraft:mined":{"tetra:basic_workbench":1,"minecraft:grass":3,"minecraft:grass_block":1,"minecraft:oak_log":11,"immersive_weathering:loam":1,"minecraft:sand":17,"minecraft:sugar_cane":3,"minecraft:oak_leaves":8,"immersive_weathering:oak_leaf_pile":24},"minecraft:picked_up":{"minecraft:seagrass":1,"minecraft:stick":9,"minecraft:crafting_table":1,"minecraft:sand":16,"minecraft:oak_log":11,"minecraft:dirt":2,"minecraft:beef":2,"minecraft:oak_sapling":3,"minecraft:sugar_cane":4},"minecraft:killed":{"minecraft:turtle":1,"minecraft:cow":1}},"DataVersion":3465}