{"stats":{"minecraft:used":{"minecraft:stone_pickaxe":20,"minecraft:wooden_pickaxe":47,"minecraft:dirt":1,"minecraft:sand":19,"minecraft:crafting_table":6,"tetra:modular_double":7,"minecraft:oak_log":2,"minecraft:wooden_axe":85,"minecraft:stone_axe":54,"minecraft:oak_sapling":3,"minecraft:furnace":2,"minecraft:cooked_beef":5},"minecraft:dropped":{"minecraft:dirt":1,"minecraft:wooden_axe":1,"gravestone:obituary":9,"minecraft:spider_eye":5,"minecraft:stone_pickaxe":1},"minecraft:custom":{"minecraft:interact_with_furnace":10,"minecraft:mob_kills":28,"minecraft:interact_with_crafting_table":25,"minecraft:damage_dealt_resisted":14,"minecraft:leave_game":2,"minecraft:time_since_death":7904,"minecraft:time_since_rest":7935,"minecraft:sprint_one_cm":149366,"minecraft:damage_taken":2075,"minecraft:walk_one_cm":142510,"minecraft:drop":17,"minecraft:damage_dealt":4304,"minecraft:swim_one_cm":27157,"minecraft:fly_one_cm":117376,"minecraft:crouch_one_cm":1926,"minecraft:play_time":83250,"minecraft:deaths":7,"minecraft:sneak_time":366,"minecraft:walk_under_water_one_cm":4930,"minecraft:jump":604,"minecraft:walk_on_water_one_cm":12248,"minecraft:total_world_time":83250,"minecraft:fall_one_cm":12308},"minecraft:crafted":{"minecraft:cooked_beef":10,"minecraft:oak_planks":60,"minecraft:crafting_table":4,"minecraft:wooden_pickaxe":2,"minecraft:furnace":2,"minecraft:stone_axe":2,"minecraft:air":0,"tetra:modular_toolbelt":1,"minecraft:charcoal":2,"minecraft:stick":28,"minecraft:stone_pickaxe":3,"minecraft:wooden_axe":4,"tetra:modular_double":1},"minecraft:killed_by":{"minecraft:skeleton":2,"minecraft:spider":1,"minecraft:zombie":2,"minecraft:drowned":1},"minecraft:mined":{"minecraft:crafting_table":3,"gravestone:gravestone":5,"minecraft:granite":4,"minecraft:grass_block":8,"minecraft:tall_grass":1,"minecraft:sugar_cane":6,"minecraft:furnace":1,"tetra:basic_workbench":2,"minecraft:grass":8,"minecraft:oak_log":64,"immersive_weathering:loam":1,"minecraft:sand":20,"minecraft:dirt":16,"minecraft:stone":52,"minecraft:oak_leaves":12,"immersive_weathering:oak_leaf_pile":24},"minecraft:picked_up":{"minecraft:seagrass":1,"minecraft:crafting_table":5,"minecraft:feather":4,"minecraft:chicken":4,"minecraft:leather":2,"minecraft:oak_log":64,"gravestone:obituary":2,"minecraft:dirt":25,"minecraft:string":6,"minecraft:bone":1,"minecraft:apple":1,"minecraft:wheat_seeds":1,"minecraft:beef":10,"minecraft:sugar_cane":7,"minecraft:furnace":1,"minecraft:egg":3,"minecraft:stick":15,"minecraft:sand":35,"minecraft:spider_eye":6,"minecraft:arrow":1,"minecraft:rotten_flesh":8,"minecraft:granite":4,"minecraft:oak_sapling":7,"minecraft:black_wool":1,"minecraft:mutton":5,"minecraft:white_wool":2,"minecraft:cobblestone":52},"minecraft:killed":{"minecraft:spider":4,"minecraft:creeper":1,"minecraft:sheep":3,"minecraft:skeleton":1,"minecraft:zombie":8,"minecraft:chicken":4,"minecraft:turtle":1,"minecraft:cow":5},"minecraft:broken":{"minecraft:wooden_axe":2}},"DataVersion":3465}