{"stats":{"minecraft:used":{"minecraft:oak_log":2,"minecraft:wooden_axe":51,"minecraft:sand":19,"minecraft:dirt":1,"minecraft:crafting_table":3,"minecraft:oak_sapling":3,"tetra:modular_double":7},"minecraft:dropped":{"minecraft:dirt":1,"minecraft:wooden_axe":1,"minecraft:spider_eye":3,"gravestone:obituary":5},"minecraft:crafted":{"tetra:modular_toolbelt":1,"minecraft:oak_planks":32,"minecraft:crafting_table":3,"minecraft:stick":16,"minecraft:wooden_axe":3,"tetra:modular_double":1},"minecraft:custom":{"minecraft:time_since_rest":7167,"minecraft:sprint_one_cm":82041,"minecraft:damage_taken":1035,"minecraft:walk_one_cm":79354,"minecraft:mob_kills":12,"minecraft:drop":10,"minecraft:damage_dealt":2470,"minecraft:swim_one_cm":10867,"minecraft:interact_with_crafting_table":12,"minecraft:fly_one_cm":72488,"minecraft:crouch_one_cm":17,"minecraft:play_time":59250,"minecraft:deaths":4,"minecraft:sneak_time":103,"minecraft:walk_under_water_one_cm":3165,"minecraft:jump":345,"minecraft:leave_game":2,"minecraft:walk_on_water_one_cm":6296,"minecraft:time_since_death":7141,"minecraft:total_world_time":59250,"minecraft:fall_one_cm":7586},"minecraft:killed_by":{"minecraft:drowned":1,"minecraft:spider":1,"minecraft:zombie":2},"minecraft:mined":{"tetra:basic_workbench":2,"minecraft:crafting_table":1,"gravestone:gravestone":3,"minecraft:grass":3,"minecraft:grass_block":1,"minecraft:oak_log":13,"immersive_weathering:loam":1,"minecraft:sand":20,"minecraft:sugar_cane":6,"minecraft:oak_leaves":8,"immersive_weathering:oak_leaf_pile":24},"minecraft:picked_up":{"minecraft:seagrass":1,"minecraft:stick":15,"minecraft:crafting_table":3,"minecraft:sand":19,"minecraft:oak_log":13,"gravestone:obituary":1,"minecraft:spider_eye":3,"minecraft:string":4,"minecraft:dirt":2,"minecraft:rotten_flesh":5,"minecraft:beef":2,"minecraft:oak_sapling":3,"minecraft:sugar_cane":7},"minecraft:killed":{"minecraft:zombie":7,"minecraft:spider":2,"minecraft:turtle":1,"minecraft:creeper":1,"minecraft:cow":1},"minecraft:broken":{"minecraft:wooden_axe":1}},"DataVersion":3465}