{"stats":{"minecraft:picked_up":{"minecraft:sand":8,"minecraft:oak_log":2},"minecraft:used":{"minecraft:sand":7},"minecraft:crafted":{"minecraft:crafting_table":1,"minecraft:stick":8,"minecraft:oak_planks":8},"minecraft:custom":{"minecraft:jump":34,"minecraft:leave_game":1,"minecraft:time_since_rest":2402,"minecraft:walk_on_water_one_cm":152,"minecraft:damage_dealt":226,"minecraft:sprint_one_cm":6916,"minecraft:play_time":2402,"minecraft:time_since_death":2402,"minecraft:walk_one_cm":6703,"minecraft:total_world_time":2402,"minecraft:fall_one_cm":687,"minecraft:fly_one_cm":6828},"minecraft:mined":{"minecraft:grass":1,"minecraft:oak_log":2,"minecraft:oak_leaves":5,"minecraft:sand":8}},"DataVersion":3465}