{"stats":{"minecraft:used":{"minecraft:wooden_axe":8,"minecraft:sand":16,"minecraft:crafting_table":1,"minecraft:oak_sapling":1},"minecraft:crafted":{"minecraft:oak_planks":28,"minecraft:crafting_table":2,"minecraft:stick":12,"minecraft:wooden_axe":2},"minecraft:dropped":{"gravestone:obituary":1,"minecraft:dirt":1,"minecraft:wooden_axe":1},"minecraft:custom":{"minecraft:time_since_rest":6344,"minecraft:damage_taken":225,"minecraft:play_time":11250,"minecraft:sprint_one_cm":29399,"minecraft:deaths":1,"minecraft:walk_one_cm":27580,"minecraft:walk_under_water_one_cm":248,"minecraft:drop":3,"minecraft:jump":158,"minecraft:damage_dealt":235,"minecraft:leave_game":2,"minecraft:time_since_death":6030,"minecraft:walk_on_water_one_cm":2457,"minecraft:total_world_time":11250,"minecraft:interact_with_crafting_table":4,"minecraft:fall_one_cm":3195,"minecraft:fly_one_cm":28887},"minecraft:killed_by":{"minecraft:zombie":1},"minecraft:mined":{"minecraft:grass":1,"minecraft:grass_block":1,"minecraft:oak_log":11,"minecraft:sand":17,"minecraft:oak_leaves":8,"immersive_weathering:oak_leaf_pile":1},"minecraft:picked_up":{"minecraft:stick":1,"minecraft:sand":16,"minecraft:oak_log":11,"minecraft:oak_sapling":3,"minecraft:dirt":1}},"DataVersion":3465}