{"stats":{"minecraft:used":{"minecraft:wooden_sword":31},"minecraft:dropped":{"gravestone:obituary":6},"minecraft:crafted":{"minecraft:wooden_sword":1,"minecraft:oak_planks":24},"minecraft:custom":{"minecraft:time_since_rest":4726,"minecraft:interact_with_furnace":1,"minecraft:crouch_one_cm":64,"minecraft:damage_taken":1160,"minecraft:play_time":28885,"minecraft:sprint_one_cm":19457,"minecraft:deaths":4,"minecraft:walk_one_cm":47003,"minecraft:sneak_time":311,"minecraft:walk_under_water_one_cm":6561,"minecraft:mob_kills":13,"minecraft:drop":6,"minecraft:jump":170,"minecraft:damage_dealt":1042,"minecraft:leave_game":2,"minecraft:time_since_death":4697,"minecraft:walk_on_water_one_cm":5940,"minecraft:total_world_time":28885,"minecraft:swim_one_cm":7846,"minecraft:interact_with_crafting_table":5,"minecraft:fall_one_cm":2003,"minecraft:fly_one_cm":15346},"minecraft:killed_by":{"minecraft:skeleton":1,"minecraft:zombie":3},"minecraft:mined":{"gravestone:gravestone":3,"minecraft:tall_seagrass":1,"minecraft:grass":4,"minecraft:oak_log":8,"minecraft:oak_leaves":1,"minecraft:seagrass":1},"minecraft:picked_up":{"minecraft:salmon":4,"minecraft:leather":2,"minecraft:wheat_seeds":2,"minecraft:beef":3,"minecraft:porkchop":7,"minecraft:stone_pickaxe":1,"minecraft:oak_log":8,"gravestone:obituary":2,"immersive_weathering:tallow":12,"minecraft:wooden_axe":1},"minecraft:killed":{"minecraft:zombie":1,"minecraft:pig":4,"minecraft:cow":1,"minecraft:salmon":7}},"DataVersion":3465}