{"stats":{"minecraft:custom":{"minecraft:jump":6,"minecraft:time_since_rest":2756,"minecraft:leave_game":1,"minecraft:crouch_one_cm":60,"minecraft:sprint_one_cm":1335,"minecraft:play_time":2756,"minecraft:time_since_death":2756,"minecraft:walk_one_cm":3921,"minecraft:sneak_time":78,"minecraft:total_world_time":2756,"minecraft:interact_with_crafting_table":2,"minecraft:fall_one_cm":211,"minecraft:fly_one_cm":620},"minecraft:mined":{"minecraft:oak_log":2},"minecraft:picked_up":{"minecraft:oak_log":2,"minecraft:wooden_axe":1}},"DataVersion":3465}