{"stats":{"minecraft:dropped":{"gravestone:obituary":5},"minecraft:custom":{"minecraft:time_since_rest":6257,"minecraft:crouch_one_cm":60,"minecraft:walk_one_cm":29034,"minecraft:sprint_one_cm":3682,"minecraft:play_time":10466,"minecraft:damage_taken":900,"minecraft:deaths":3,"minecraft:sneak_time":91,"minecraft:walk_under_water_one_cm":352,"minecraft:mob_kills":1,"minecraft:drop":5,"minecraft:jump":70,"minecraft:damage_dealt":271,"minecraft:leave_game":1,"minecraft:walk_on_water_one_cm":111,"minecraft:time_since_death":6225,"minecraft:total_world_time":10466,"minecraft:interact_with_crafting_table":2,"minecraft:fall_one_cm":420,"minecraft:fly_one_cm":4070},"minecraft:killed_by":{"minecraft:zombie":3},"minecraft:mined":{"minecraft:oak_log":2,"gravestone:gravestone":2},"minecraft:picked_up":{"minecraft:wooden_axe":1,"minecraft:oak_log":2,"gravestone:obituary":2},"minecraft:killed":{"minecraft:zombie":1}},"DataVersion":3465}