{"stats":{"minecraft:crafted":{"minecraft:oak_planks":24},"minecraft:dropped":{"gravestone:obituary":5},"minecraft:custom":{"minecraft:time_since_rest":16811,"minecraft:crouch_one_cm":64,"minecraft:walk_one_cm":32360,"minecraft:sprint_one_cm":7428,"minecraft:play_time":21020,"minecraft:damage_taken":900,"minecraft:deaths":3,"minecraft:sneak_time":178,"minecraft:walk_under_water_one_cm":352,"minecraft:mob_kills":1,"minecraft:drop":5,"minecraft:jump":80,"minecraft:damage_dealt":271,"minecraft:leave_game":2,"minecraft:walk_on_water_one_cm":111,"minecraft:time_since_death":16779,"minecraft:total_world_time":21020,"minecraft:interact_with_crafting_table":3,"minecraft:fall_one_cm":629,"minecraft:fly_one_cm":5808},"minecraft:killed_by":{"minecraft:zombie":3},"minecraft:mined":{"minecraft:oak_log":8,"minecraft:oak_leaves":1,"gravestone:gravestone":2},"minecraft:picked_up":{"minecraft:wooden_axe":1,"minecraft:stone_pickaxe":1,"minecraft:oak_log":8,"gravestone:obituary":2},"minecraft:killed":{"minecraft:zombie":1}},"DataVersion":3465}