{"stats":{"minecraft:used":{"minecraft:stone_axe":38,"minecraft:wooden_axe":2,"minecraft:dirt":1},"minecraft:dropped":{"minecraft:oak_sapling":1,"gravestone:obituary":2},"minecraft:custom":{"minecraft:time_since_rest":848,"minecraft:interact_with_furnace":1,"minecraft:play_time":5083,"minecraft:sprint_one_cm":22631,"minecraft:damage_taken":578,"minecraft:walk_one_cm":16203,"minecraft:mob_kills":6,"minecraft:drop":3,"minecraft:jump":110,"minecraft:damage_dealt":1107,"minecraft:leave_game":1,"minecraft:walk_on_water_one_cm":392,"minecraft:time_since_death":822,"minecraft:total_world_time":5083,"minecraft:fall_one_cm":2828,"minecraft:fly_one_cm":16796,"minecraft:deaths":2},"minecraft:killed_by":{"minecraft:creeper":2},"minecraft:mined":{"gravestone:gravestone":4,"minecraft:grass_block":1,"minecraft:oak_log":9,"minecraft:birch_log":6,"minecraft:sugar_cane":3,"minecraft:oak_leaves":4},"minecraft:picked_up":{"minecraft:birch_log":5,"minecraft:stick":8,"minecraft:bone":2,"minecraft:rotten_flesh":2,"minecraft:apple":1,"minecraft:sand":3,"minecraft:oak_log":10,"gravestone:obituary":1,"minecraft:oak_sapling":8,"minecraft:sugar_cane":3,"minecraft:string":1,"minecraft:dirt":18},"minecraft:killed":{"minecraft:skeleton":1,"minecraft:zombie":2,"minecraft:spider":1}},"DataVersion":3465}